{
	"class_name" : "PinholeCameraParameters",
	"extrinsic" : 
	[
		0.39091455276276371,
		-0.61754794837009863,
		-0.68251032512495402,
		0.0,
		-0.91838751991485268,
		-0.31103278826178787,
		-0.2445873420493056,
		0.0,
		-0.061238678161229611,
		0.72242171623642359,
		-0.68873557205003255,
		0.0,
		-1.2222999001508059,
		1.2652577860784682,
		26.566343019683138,
		1.0
	],
	"intrinsic" : 
	{
		"height" : 1062,
		"intrinsic_matrix" : 
		[
			919.71897881907387,
			0.0,
			0.0,
			0.0,
			919.71897881907387,
			0.0,
			959.5,
			530.5,
			1.0
		],
		"width" : 1920
	},
	"version_major" : 1,
	"version_minor" : 0
}